{"ld_preload": {"raw": [30115150, 30115053, 30655290, 30226450, 30986028, 31340530, 29967379, 29661876, 30495439, 30389735, 30146199, 30258034, 30435640, 31109162, 30955444, 30187290, 30221894, 29966966, 31104475, 30634937, 30135201, 30349755, 30895825, 30646920, 29912960, 29904737, 29920611, 31091115, 30407197, 30461238, 30322427, 29995446, 30925913, 30427070, 30072549, 29862640, 28485706, 28555837, 29417702, 29613581, 29826349, 30924713, 30185090, 29945472, 29676930, 29769970, 30828617, 30479095, 31114343, 30116317, 31008502, 30825460, 30299144, 29958729, 30153388, 30621049, 29939561, 30127751, 29990413, 30099640, 31012862, 30169628, 31045661, 29750312, 30730646, 28987144, 27867395, 30347649, 30094460, 30855661, 30955978, 30369289, 30002600, 29974339, 30653644, 30234041, 30384127, 30096513, 28801319, 30761508, 30560601, 30399700, 29878299, 30668075, 30175835, 29834022, 29749096, 29934082, 30325404, 30581205, 29932654, 29920864, 29859335, 30227137, 30097307, 29828615, 29907125, 31069981, 30446561, 30280276], "statistics": {"max": 31340530, "min": 27867395, "avg": 30230388.84, "sqr_dev": 330229136820.0, "std_dev": 574655.668048267}}, "ld_preload_with_cli": {"raw": [30478218, 29741371, 30783595, 30573192, 30020418, 30563828, 30250058, 31129073, 30536788, 30221117, 29955438, 30914503, 30340064, 29946205, 29813727, 30105917, 30773121, 30686939, 29858416, 29920741, 30227577, 30927126, 30493736, 30562801, 30069032, 31238870, 30746888, 30352868, 30402327, 30155389, 30801913, 30529593, 30663162, 30182730, 30212576, 30828099, 30037305, 30037148, 29893534, 30517467, 30325591, 30227551, 29745069, 29770413, 30757425, 30562318, 30159271, 30269182, 29928527, 30678746, 30208330, 30176933, 30332017, 30725890, 31407308, 30364715, 30468868, 30319134, 30660668, 30852227, 30191683, 30390380, 30872855, 31360717, 30523974, 30465448, 30671049, 31279908, 30733647, 30227741, 30377412, 30467486, 31232243, 30943407, 30478258, 30251558, 30199081, 31103402, 30542937, 30313504, 30271086, 30478532, 31125286, 30895835, 30781645, 30471725, 30760871, 30826513, 30909999, 30704360, 30278923, 31126452, 30972435, 30478582, 30486789, 30905009, 30365328, 30346415, 30013541, 30018897], "statistics": {"max": 31407308, "min": 29741371, "avg": 30482779.66, "sqr_dev": 146564654447.75, "std_dev": 382837.63457600406}}, "ptrace_with_cli": {"raw": [47949746, 49457877, 48623975, 47758867, 48686402, 47880510, 48701203, 48498607, 48157902, 49832820, 47798898, 48565845, 48713947, 48353389, 49540849, 47403089, 48634645, 49046687, 48000644, 47675537, 47514299, 49042958, 49145367, 48974352, 48205997, 49510839, 48835584, 48702953, 47942020, 47826342, 47655393, 48576622, 47736193, 49432806, 48018471, 48944140, 48608800, 49634173, 48086840, 49171555, 48938521, 49697724, 49129610, 49113344, 48656214, 48598873, 49330690, 47755639, 48482867, 47603112, 48764582, 47526885, 47555583, 47397162, 48575975, 49044494, 49009410, 47353057, 48866358, 48953682, 49093103, 47712178, 48682237, 47924959, 48575766, 47690901, 49202856, 49133070, 48787615, 48091414, 47713472, 48850711, 49059172, 48980542, 49303009, 48049182, 48938328, 48734144, 49148093, 49286996, 48805424, 48986329, 48817941, 49435767, 48227941, 48838711, 48954675, 48044382, 49050611, 48796646, 48446815, 48640094, 49079752, 48181777, 47945886, 47890301, 49180599, 47948853, 47823462, 48420614], "statistics": {"max": 49832820, "min": 47353057, "avg": 48556752.53, "sqr_dev": 374239864566.0, "std_dev": 611751.4728760365}}}