{"req": {"raw": [110289.22, 120558.62, 126521.08, 123023.58, 122188.33, 127117.3, 131357.87, 128027.85, 141891.02, 128819.57], "statistics": {"max": 141891.02, "min": 110289.22, "avg": 125979.44399999999, "sqr_dev": 59463422.50678444, "std_dev": 7711.25297904202}}, "transfer": {"raw": [32.71, 35.76, 37.52, 36.49, 36.24, 37.7, 38.96, 37.97, 42.08, 38.21], "statistics": {"max": 42.08, "min": 32.71, "avg": 37.364, "sqr_dev": 5.22678400000018, "std_dev": 2.286216087774771}}}