{"req": {"raw": [80497.4, 85731.5, 82008.78, 76135.4, 85049.87, 85166.12, 85963.03, 81295.91, 84686.63, 85656.63], "statistics": {"max": 85963.03, "min": 76135.4, "avg": 83219.12700000001, "sqr_dev": 9182909.893119812, "std_dev": 3030.3316473811597}}, "transfer": {"raw": [23.87, 25.43, 24.32, 22.58, 25.22, 25.26, 25.5, 24.11, 25.12, 25.4], "statistics": {"max": 25.5, "min": 22.58, "avg": 24.681000000000004, "sqr_dev": 0.8095489999997199, "std_dev": 0.8997494095578612}}}