{"req": {"raw": [101198.96, 107221.72, 109356.22, 111370.24, 114552.41, 115099.63, 105580.54, 104070.67, 118998.83, 108893.21], "statistics": {"max": 118998.83, "min": 101198.96, "avg": 109634.24300000002, "sqr_dev": 26975454.271398544, "std_dev": 5193.789971821978}}, "transfer": {"raw": [30.01, 31.8, 32.43, 33.03, 33.97, 34.14, 31.31, 30.87, 35.29, 32.3], "statistics": {"max": 35.29, "min": 30.01, "avg": 32.515, "sqr_dev": 2.3721249999996417, "std_dev": 1.5401704451130211}}}