{"req": {"raw": [132320.62, 142115.37, 115055.01, 139662.08, 147139.05, 136133.79, 120055.65, 142773.86, 138638.26, 122195.41], "statistics": {"max": 147139.05, "min": 115055.01, "avg": 133608.90999999997, "sqr_dev": 106759684.1351242, "std_dev": 10332.457797403491}}, "transfer": {"raw": [39.24, 42.15, 34.12, 41.42, 43.64, 40.38, 35.61, 42.35, 41.12, 36.24], "statistics": {"max": 43.64, "min": 34.12, "avg": 39.627, "sqr_dev": 9.398020999999972, "std_dev": 3.0656191870485108}}}