{"req": {"raw": [109209.36, 144716.96, 116315.5, 126037.89, 103525.4, 144571.38, 142188.29, 126080.29, 130794.62, 120632.39], "statistics": {"max": 144716.96, "min": 103525.4, "avg": 126407.20799999998, "sqr_dev": 188825357.35297966, "std_dev": 13741.373925229589}}, "transfer": {"raw": [32.39, 42.92, 34.5, 37.38, 30.7, 42.88, 42.17, 37.39, 38.79, 35.78], "statistics": {"max": 42.92, "min": 30.7, "avg": 37.489999999999995, "sqr_dev": 16.61298000000056, "std_dev": 4.0759023540806965}}}