{"req": {"raw": [94264.54, 99408.23, 121127.0, 109117.98, 114477.77, 118608.73, 112807.89, 115928.74, 103322.1, 113951.94], "statistics": {"max": 121127.0, "min": 94264.54, "avg": 110301.492, "sqr_dev": 68087644.59633636, "std_dev": 8251.523774209001}}, "transfer": {"raw": [27.96, 29.48, 35.92, 32.36, 33.95, 35.18, 33.46, 34.38, 30.64, 33.8], "statistics": {"max": 35.92, "min": 27.96, "avg": 32.71300000000001, "sqr_dev": 5.988480999999865, "std_dev": 2.447137307140706}}}